{
    "loss": 0.18538214266300201,
    "accuracy": 0.9424460530281067
}